{"theta1": -1106.0198809926176, "theta0": 6331.8333333332885, "metrics": {"RMSE": 445645.2450712734, "MAE": 38628148.81169196, "RSQUARE": 0.7329747078314965}, "learning_rate": 0.01, "export_path": "./json/config.json", "max_epochs": 5000, "standard_dev": 51565.1899106445, "mean": 101066.25}