{"a": -1129.8079762127752, "b": 6331.8333333332885, "metrics": {"RMSE": 445645.24507127336, "MAE": 38628148.81169196, "RSQUARE": 0.7329747078314965}, "learning_rate": 0.01, "export_path": "./yaml/config.json", "max_epochs": 5000}